{
    "roc_auc": 0.9750543239511751,
    "accuracy": 0.9995418179254926,
    "precision": 0.9571428571428572,
    "recall": 0.7444444444444445,
    "f1": 0.8375
}